{"client_meta":{"background_color":{"r":0.9607843160629272,"g":0.9607843160629272,"b":0.9607843160629272,"a":1},"thumbnail_size":{"width":400,"height":264},"render_coordinates":{"x":-725,"y":-702.365234375,"width":4253,"height":2802.001708984375}},"file_name":"Fluxograma: crie uma aventura com HTML, CSS e JavaScript (Community)","developer_related_links":[]}